247,Rivals,
School:  Missouri Year:  2012 Name:  Dorial Green-Beckham Position:  WR City:  Springfield State:  MO Height:  78 Weight:  220 Stars:  5,School:  Alabama Year:  2012 Name:  Cyrus Jones Position:  ATH City:  Baltimore State:  MD Height:  71 Weight:  183 Stars:  4,
School:  Florida State Year:  2012 Name:  Mario Edwards Position:  DT City:  Denton State:  TX Height:  75 Weight:  285 Stars:  5,School:  Alabama Year:  2012 Name:  Dalvin Tomlinson Position:  DT City:  McDonough State:  GA Height:  74 Weight:  270 Stars:  4,
School:  Kentucky Year:  2012 Name:  Daron Blaylock Position:  ILB City:  Marietta State:  GA Height:  72 Weight:  220 Stars:  3,School:  Missouri Year:  2012 Name:  Dorial Green-Beckham Position:  WR City:  Springfield State:  MO Height:  78 Weight:  220 Stars:  5,
School:  Wake Forest Year:  2012 Name:  Joshua Wilhite Position:  APB City:  Missouri City State:  TX Height:  70 Weight:  175 Stars:  3,School:  Missouri Year:  2012 Name:  Harold Brantley Position:  DT City:  Hershey State:  PA Height:  74 Weight:  260 Stars:  2,
School:  Southern Mississippi Year:  2012 Name:  Lelland Ducksworth Position:  OLB City:  Hattiesburg State:  MS Height:  74 Weight:  220 Stars:  3,School:  Missouri Year:  2012 Name:  John Gibson Position:  DB City:  Missouri City State:  TX Height:  70 Weight:  172 Stars:  3,
School:  Miami Year:  2012 Name:  Nate Dortch Position:  CB City:  Fort Myers State:  FL Height:  72 Weight:  165 Stars:  3,School:  Missouri Year:  2012 Name:  Levi Copelin Position:  DB City:  Broken Arrow State:  OK Height:  74 Weight:  170 Stars:  3,
School:  Duke Year:  2012 Name:  Allen Jackson Position:  SDE City:  Owings Mills State:  MD Height:  77 Weight:  225 Stars:  3,School:  Missouri Year:  2012 Name:  Russell Hansbrough Position:  RB City:  Arlington State:  TX Height:  68 Weight:  173 Stars:  3,
School:  Kentucky Year:  2012 Name:  Josh Harris Position:  ATH City:  Maysville State:  KY Height:  73 Weight:  205 Stars:  3,School:  Missouri Year:  2012 Name:  Evan Boehm Position:  OL City:  Lees Summit State:  MO Height:  75 Weight:  290 Stars:  4,
School:  Northwestern Year:  2012 Name:  Kent Playko Position:  OT City:  Lewis Center State:  OH Height:  77 Weight:  265 Stars:  3,School:  Missouri Year:  2012 Name:  Sean Culkin Position:  TE City:  Largo State:  FL Height:  77 Weight:  226 Stars:  3,
School:  Utah Year:  2012 Name:  Zach Lindsay Position:  OT City:  Kaysville State:  UT Height:  79 Weight:  245 Stars:  3,School:  Missouri Year:  2012 Name:  KaRa Stewart Position:  DB City:  OFallon State:  IL Height:  72 Weight:  190 Stars:  3,
School:  Michigan State Year:  2012 Name:  Ezra Robinson Position:  CB City:  Sarasota State:  FL Height:  73 Weight:  188 Stars:  3,School:  Missouri Year:  2012 Name:  Rickey Hatley Position:  DE City:  Atlanta State:  TX Height:  76 Weight:  245 Stars:  3,
School:  West Virginia Year:  2012 Name:  Jarrod Harper Position:  S City:  Frostburg State:  MD Height:  71 Weight:  200 Stars:  3,School:  Missouri Year:  2012 Name:  Jordan Williams Position:  OL City:  Denton State:  TX Height:  76 Weight:  250 Stars:  3,
School:  UTEP Year:  2012 Name:  Da'Carlos Renfro Position:  CB City:  Orange State:  TX Height:  69 Weight:  175 Stars:  3,School:  Missouri Year:  2012 Name:  Evan Winston Position:  DE City:  Muskegon Heights State:  MI Height:  76 Weight:  240 Stars:  3,
School:  Memphis Year:  2012 Name:  Kerwin Harrison Position:  TE City:  Lakeland State:  FL Height:  75 Weight:  230 Stars:  3,School:  Missouri Year:  2012 Name:  Maty Mauk Position:  QB City:  Kenton State:  OH Height:  74 Weight:  185 Stars:  3,
School:  Vanderbilt Year:  2012 Name:  Blake Fromang Position:  OT City:  Orlando State:  FL Height:  79 Weight:  290 Stars:  3,School:  Missouri Year:  2012 Name:  Michael Scherer Position:  LB City:  St. Louis State:  MO Height:  76 Weight:  229 Stars:  3,
School:  Iowa Year:  2012 Name:  C.J. Beathard Position:  PRO City:  Franklin State:  TN Height:  74 Weight:  180 Stars:  3,School:  Missouri Year:  2012 Name:  Donavin Newsom Position:  LB City:  St. Louis State:  MO Height:  74 Weight:  220 Stars:  3,
School:  Duke Year:  2012 Name:  Thomas Sirk Position:  PRO City:  Glen Saint Mary State:  FL Height:  77 Weight:  215 Stars:  3,School:  Missouri Year:  2012 Name:  Chaston Cuffee Position:  DB City:  Cleburne State:  TX Height:  73 Weight:  185 Stars:  3,
School:  Miami (OH) Year:  2012 Name:  Terry Davis Position:  OT City:  Cincinnati State:  OH Height:  76 Weight:  280 Stars:  3,School:  Missouri Year:  2012 Name:  Torey Boozer Position:  DB City:  Everman State:  TX Height:  75 Weight:  210 Stars:  3,
School:  UAB Year:  2012 Name:  Kelton Brackett Position:  CB City:  Eight Mile State:  AL Height:  71 Weight:  175 Stars:  3,School:  Missouri Year:  2012 Name:  Morgan Steward Position:  RB City:  Kansas City State:  MO Height:  71 Weight:  182 Stars:  3,
School:  Houston Year:  2012 Name:  Trevon Stewart Position:  CB City:  Patterson State:  LA Height:  70 Weight:  180 Stars:  3,School:  Missouri Year:  2012 Name:  Markus Golden Position:  LB City:  Hutchinson State:  KS Height:  75 Weight:  230 Stars:  3,
School:  Kentucky Year:  2012 Name:  Cody Quinn Position:  CB City:  Middletown State:  OH Height:  70 Weight:  165 Stars:  3,School:  Navy Year:  2012 Name:  James Stovall Position:  WR City:  Cleveland State:  TN Height:  75 Weight:  180 Stars:  0,
School:  UTEP Year:  2012 Name:  Devonte Richardson Position:  DT City:  Arlington State:  TX Height:  74 Weight:  280 Stars:  3,School:  Navy Year:  2012 Name:  T.J. Waters Position:  LB City:  Philadelphia State:  PA Height:  76 Weight:  235 Stars:  0,
School:  Tulane Year:  2012 Name:  Lorenzo Doss Position:  ATH City:  New Orleans State:  LA Height:  71 Weight:  175 Stars:  3,School:  Navy Year:  2012 Name:  Adam Davenport Position:  RB City:  Murfreesboro State:  TN Height:  70 Weight:  191 Stars:  0,
School:  Wake Forest Year:  2012 Name:  Anthony Rook Position:  TE City:  Greenville State:  NC Height:  76 Weight:  230 Stars:  3,School:  Navy Year:  2012 Name:  Jalen Boyd Position:  DB City:  Louisville State:  KY Height:  73 Weight:  190 Stars:  3,
School:  Cincinnati Year:  2012 Name:  Kyle Williamson Position:  OT City:  Cincinnati State:  OH Height:  77 Weight:  275 Stars:  3,School:  Navy Year:  2012 Name:  Brad Mills Position:  OL City:  Fort Lauderdale State:  FL Height:  76 Weight:  240 Stars:  0,
School:  Air Force Year:  2012 Name:  Steven Cornellier Position:  WDE City:  Jacksonville State:  FL Height:  75 Weight:  235 Stars:  3,School:  Navy Year:  2012 Name:  Tyler Goble Position:  LB City:  Plymouth State:  MI Height:  72 Weight:  232 Stars:  3,
School:  San Diego State Year:  2012 Name:  Arthur Flores Position:  OT City:  Denver State:  CO Height:  78 Weight:  300 Stars:  3,School:  Navy Year:  2012 Name:  Nick McCrory Position:  LB City:  Port Lavaca State:  TX Height:  73 Weight:  225 Stars:  2,
School:  Wagner Year:  2012 Name:  Eddie Garcia Position:  OC City:  Miami State:  FL Height:  73 Weight:  265 Stars:  3,School:  Navy Year:  2012 Name:  Zander Yost Position:  DB City:  Norcross State:  GA Height:  72 Weight:  189 Stars:  2,
School:  SMU Year:  2012 Name:  Ty Law Position:  CB City:  Orlando State:  FL Height:  70 Weight:  165 Stars:  3,School:  Navy Year:  2012 Name:  Shawn White Position:  DE City:  Palm Coast State:  FL Height:  72 Weight:  245 Stars:  2,
School:  Texas Tech Year:  2012 Name:  Kris Williams Position:  OLB City:  Dallas State:  TX Height:  75 Weight:  208 Stars:  3,School:  Navy Year:  2012 Name:  Andrew Martin Position:  OL City:  Decatur State:  AL Height:  77 Weight:  255 Stars:  0,
School:  Georgia Tech Year:  2012 Name:  Tyler Stargel Position:  ILB City:  Leroy State:  AL Height:  75 Weight:  248 Stars:  3,School:  Navy Year:  2012 Name:  Nick Fabrizio Position:  QB City:  Plant City State:  FL Height:  70 Weight:  160 Stars:  2,
School:  Indiana Year:  2012 Name:  Jacob Bailey Position:  OT City:  Indianapolis State:  IN Height:  76 Weight:  265 Stars:  3,School:  Navy Year:  2012 Name:  E.K. Binns Position:  DT City:  Cape Coral State:  FL Height:  75 Weight:  275 Stars:  2,
School:  Maryland Year:  2012 Name:  Anthony Nixon Position:  WR City:  Pittsburgh State:  PA Height:  73 Weight:  190 Stars:  3,School:  Navy Year:  2012 Name:  Toye Adewon Position:  OL City:  Frisco State:  TX Height:  76 Weight:  285 Stars:  3,
School:  Minnesota Year:  2012 Name:  Nick Rallis Position:  S City:  Minneapolis State:  MN Height:  72 Weight:  210 Stars:  3,School:  Navy Year:  2012 Name:  David Reisner Position:  K City:  South Elgin State:  IL Height:  72 Weight:  200 Stars:  0,
School:  Toledo Year:  2012 Name:  Brian Blackburn Position:  PRO City:  Detroit State:  MI Height:  77 Weight:  212 Stars:  3,School:  Navy Year:  2012 Name:  Cole Wright Position:  TE City:  Fort Myers State:  FL Height:  78 Weight:  225 Stars:  2,
School:  Baylor Year:  2012 Name:  Devin Chafin Position:  RB City:  Burkburnett State:  TX Height:  72 Weight:  205 Stars:  3,School:  Navy Year:  2012 Name:  Garrett Gandy Position:  DT City:  Boerne State:  TX Height:  74 Weight:  250 Stars:  2,
School:  Rutgers Year:  2012 Name:  Delon Stephenson Position:  ATH City:  Parlin State:  NJ Height:  71 Weight:  170 Stars:  3,School:  Navy Year:  2012 Name:  Derek Mann Position:  RB City:  San Antonio State:  TX Height:  72 Weight:  185 Stars:  0,
School:  Vanderbilt Year:  2012 Name:  Torey Agee Position:  SDE City:  Opelika State:  AL Height:  76 Weight:  245 Stars:  3,School:  Navy Year:  2012 Name:  C.J. Williams Position:  DB City:  Towson State:  MD Height:  72 Weight:  206 Stars:  2,
School:  North Carolina Year:  2012 Name:  Jon Heck Position:  OT City:  Jacksonville State:  FL Height:  78 Weight:  280 Stars:  3,School:  Navy Year:  2012 Name:  John Ferguson Position:  OL City:  Denton State:  TX Height:  75 Weight:  245 Stars:  2,
School:  Pittsburgh Year:  2012 Name:  Trenton Coles Position:  WR City:  Clairton State:  PA Height:  75 Weight:  175 Stars:  3,School:  Navy Year:  2012 Name:  DaSean Daniels Position:  ATH City:  Norcross State:  GA Height:  71 Weight:  215 Stars:  2,
School:  UCLA Year:  2012 Name:  Taylor Lagace Position:  S City:  Arcadia State:  CA Height:  72 Weight:  200 Stars:  3,School:  Navy Year:  2012 Name:  Josiah Powell Position:  LB City:  Madisonville State:  KY Height:  75 Weight:  200 Stars:  0,
School:  Kentucky Year:  2012 Name:  Zach Myers Position:  OG City:  Miamisburg State:  OH Height:  75 Weight:  287 Stars:  3,School:  Navy Year:  2012 Name:  Nathan Hoff Position:  DT City:  Solon State:  OH Height:  74 Weight:  285 Stars:  2,
School:  NC State Year:  2012 Name:  Desmond Owino Position:  SDE City:  Raleigh State:  NC Height:  77 Weight:  235 Stars:  3,School:  Navy Year:  2012 Name:  Brendon Clements Position:  DB City:  Miami State:  FL Height:  70 Weight:  175 Stars:  2,
School:  None Year:  2012 Name:  Stephon Hall Position:  SDE City:  Detroit State:  MI Height:  75 Weight:  260 Stars:  3,School:  Navy Year:  2012 Name:  Kenneth Mouton Position:  QB City:  Naples State:  FL Height:  74 Weight:  200 Stars:  2,
School:  Duke Year:  2012 Name:  Anthony Nash Position:  WR City:  West Chester State:  PA Height:  77 Weight:  175 Stars:  3,School:  Navy Year:  2012 Name:  Austin Grebe Position:  K City:  Stafford State:  VA Height:  71 Weight:  185 Stars:  0,
School:  None Year:  2012 Name:  Ashton Henderson Position:  DT City:  Tulsa State:  OK Height:  74 Weight:  310 Stars:  3,School:  Navy Year:  2012 Name:  Robert Dusz Position:  OL City:  Scottsdale State:  AZ Height:  72 Weight:  280 Stars:  2,
School:  Mississippi State Year:  2012 Name:  Kivon Coman Position:  ATH City:  Florence State:  AL Height:  73 Weight:  185 Stars:  3,School:  Navy Year:  2012 Name:  Toneo Gulley Position:  RB City:  Kenosha State:  WI Height:  68 Weight:  185 Stars:  3,
School:  BYU Year:  2012 Name:  Jamaal Williams Position:  APB City:  Fontana State:  CA Height:  73 Weight:  185 Stars:  3,School:  North Carolina State Year:  2012 Name:  Robert Caldwell Position:  LB City:  Palm Desert State:  CA Height:  75 Weight:  245 Stars:  3,
School:  Portland State Year:  2012 Name:  Daniel Halverson Position:  OLB City:  Portland State:  OR Height:  74 Weight:  232 Stars:  3,School:  North Carolina State Year:  2012 Name:  Drew Davis Position:  LB City:  Raleigh State:  NC Height:  75 Weight:  240 Stars:  2,
School:  Purdue Year:  2012 Name:  Jimmy Herman Position:  S City:  Carmel State:  IN Height:  76 Weight:  205 Stars:  3,School:  North Carolina State Year:  2012 Name:  Kenderius Whitehead Position:  DE City:  Lithonia State:  GA Height:  77 Weight:  210 Stars:  3,
School:  Miami Year:  2012 Name:  Gabe Terry Position:  OLB City:  West Palm Beach State:  FL Height:  74 Weight:  200 Stars:  3,School:  North Carolina State Year:  2012 Name:  Desmond Owino Position:  DE City:  Raleigh State:  NC Height:  77 Weight:  235 Stars:  3,
School:  None Year:  2012 Name:  Jared Johnson Position:  PRO City:  Grand Prairie State:  TX Height:  73 Weight:  200 Stars:  3,School:  North Carolina State Year:  2012 Name:  Bryce Kennedy Position:  OL City:  Southern Pines State:  NC Height:  75 Weight:  285 Stars:  3,
School:  Nevada Year:  2012 Name:  Randy Uzoma Position:  WR City:  Canoga Park State:  CA Height:  74 Weight:  195 Stars:  3,School:  North Carolina State Year:  2012 Name:  Jarnor Jones Position:  DB City:  Lithonia State:  GA Height:  76 Weight:  190 Stars:  3,
School:  North Carolina Year:  2012 Name:  Kanler Coker Position:  PRO City:  Flowery Branch State:  GA Height:  76 Weight:  215 Stars:  3,School:  North Carolina State Year:  2012 Name:  Quincy McKinney Position:  OL City:  Fork Union State:  VA Height:  75 Weight:  315 Stars:  3,
School:  None Year:  2012 Name:  Connor Grooms Position:  OC City:  Tyler State:  TX Height:  75 Weight:  280 Stars:  3,School:  North Carolina State Year:  2012 Name:  John Tuuta Position:  OL City:  Fredericksburg State:  VA Height:  75 Weight:  310 Stars:  2,
School:  None Year:  2012 Name:  Ewing Simmons Position:  WDE City:  Stockton State:  CA Height:  76 Weight:  235 Stars:  3,School:  North Carolina State Year:  2012 Name:  Shadrach Thornton Position:  RB City:  Hinesville State:  GA Height:  73 Weight:  207 Stars:  3,
School:  UMass Year:  2012 Name:  Tajae Sharpe Position:  WR City:  Piscataway State:  NJ Height:  76 Weight:  182 Stars:  3,School:  North Carolina State Year:  2012 Name:  Marchez Coates Position:  DB City:  Pomfret State:  MD Height:  71 Weight:  172 Stars:  3,
School:  Louisiana Tech Year:  2012 Name:  Jaydrick DeClouet Position:  WR City:  Patterson State:  LA Height:  70 Weight:  175 Stars:  3,School:  North Carolina State Year:  2012 Name:  Tyler Knox Position:  DE City:  Myrtle Beach State:  SC Height:  76 Weight:  225 Stars:  3,
School:  UCLA Year:  2012 Name:  Carl Hulick Position:  OC City:  Placentia State:  CA Height:  75 Weight:  290 Stars:  3,School:  North Carolina State Year:  2012 Name:  KHadree Hooker Position:  DT City:  Deep Run State:  NC Height:  74 Weight:  280 Stars:  3,
School:  Purdue Year:  2012 Name:  Cameron Cermin Position:  OT City:  College Station State:  TX Height:  76 Weight:  289 Stars:  3,School:  North Carolina State Year:  2012 Name:  Joe Wright Position:  DE City:  Greenville State:  NC Height:  78 Weight:  220 Stars:  2,
School:  Purdue Year:  2012 Name:  Jason King Position:  OG City:  Little Rock State:  AR Height:  76 Weight:  305 Stars:  3,School:  North Carolina State Year:  2012 Name:  Charlie Hegedus Position:  WR City:  Marietta State:  GA Height:  74 Weight:  194 Stars:  3,
School:  Tennessee Year:  2012 Name:  Cody Blanc Position:  ATH City:  Knoxville State:  TN Height:  74 Weight:  204 Stars:  3,School:  North Carolina State Year:  2012 Name:  Deylan Buntyn Position:  DT City:  Roswell State:  NM Height:  76 Weight:  335 Stars:  3,
School:  Miami (OH) Year:  2012 Name:  Wesley Scott Position:  SDE City:  Ridgeland State:  SC Height:  76 Weight:  248 Stars:  3,School:  North Carolina State Year:  2012 Name:  Manny Stocker Position:  QB City:  Coatesville State:  PA Height:  75 Weight:  197 Stars:  3,
School:  Temple Year:  2012 Name:  Romond Deloatch Position:  WR City:  Hampton State:  VA Height:  77 Weight:  205 Stars:  3,School:  North Carolina State Year:  2012 Name:  David Grinnage Position:  TE City:  Newark State:  DE Height:  77 Weight:  240 Stars:  2,
School:  Penn State Year:  2012 Name:  Steven Bench Position:  PRO City:  Camilla State:  GA Height:  74 Weight:  205 Stars:  3,School:  North Carolina State Year:  2012 Name:  M.J. Salahuddin Position:  DB City:  Fayetteville State:  NC Height:  75 Weight:  190 Stars:  3,
School:  North Carolina Year:  2012 Name:  Kendrick Singleton Position:  WR City:  Glen Saint Mary State:  FL Height:  74 Weight:  195 Stars:  3,School:  North Carolina State Year:  2012 Name:  Eddie Gordon Position:  OL City:  Boiling Springs State:  SC Height:  73 Weight:  322 Stars:  3,
School:  Miami (OH) Year:  2012 Name:  Orlando David Position:  TE City:  Hollywood State:  FL Height:  75 Weight:  220 Stars:  3,School:  North Carolina State Year:  2012 Name:  Xavier Griffin Position:  WR City:  Newark State:  DE Height:  74 Weight:  180 Stars:  2,
School:  Boston College Year:  2012 Name:  Dan Crimmins Position:  WR City:  Hoboken State:  NJ Height:  76 Weight:  200 Stars:  3,School:  North Carolina State Year:  2012 Name:  Niles Clark Position:  DB City:  Marietta State:  GA Height:  70 Weight:  175 Stars:  3,
School:  Penn State Year:  2012 Name:  Malik Golden Position:  ATH City:  Cheshire State:  CT Height:  72 Weight:  185 Stars:  3,School:  North Carolina State Year:  2012 Name:  Josh Sessoms Position:  DB City:  Bailey State:  NC Height:  75 Weight:  186 Stars:  3,
School:  Syracuse Year:  2012 Name:  Josh Parris Position:  TE City:  Stone Mountain State:  GA Height:  74 Weight:  225 Stars:  3,School:  Nebraska Year:  2012 Name:  Vincent Valentine Position:  DT City:  Edwardsville State:  IL Height:  75 Weight:  320 Stars:  3,
School:  Utah Year:  2012 Name:  J.J. Dielman Position:  OG City:  Phoenix State:  AZ Height:  76 Weight:  250 Stars:  3,School:  Nebraska Year:  2012 Name:  Alonzo Moore Position:  ATH City:  Winnfield State:  LA Height:  74 Weight:  170 Stars:  4,
School:  Colorado Year:  2012 Name:  Josh Tupou Position:  DT City:  Buena Park State:  CA Height:  76 Weight:  300 Stars:  3,School:  Nebraska Year:  2012 Name:  Aaron Curry Position:  DT City:  Keller State:  TX Height:  75 Weight:  298 Stars:  3,
School:  Navy Year:  2012 Name:  Ben Tamburello Position:  OC City:  Birmingham State:  AL Height:  74 Weight:  275 Stars:  3,School:  Nebraska Year:  2012 Name:  Imani Cross Position:  RB City:  Gainesville State:  GA Height:  73 Weight:  220 Stars:  3,
School:  Louisville Year:  2012 Name:  T.C. Klusman Position:  OT City:  Cincinnati State:  OH Height:  76 Weight:  270 Stars:  3,School:  Nebraska Year:  2012 Name:  Corey Whitaker Position:  OL City:  Murrieta State:  CA Height:  77 Weight:  270 Stars:  3,
School:  None Year:  2012 Name:  Derrick Moncrief Position:  S City:  Prattville State:  AL Height:  75 Weight:  200 Stars:  3,School:  Nebraska Year:  2012 Name:  LeRoy Alexander Position:  ATH City:  Toledo State:  OH Height:  74 Weight:  190 Stars:  3,
School:  Rutgers Year:  2012 Name:  Carlton Agudosi Position:  WR City:  Somerset State:  NJ Height:  78 Weight:  203 Stars:  3,School:  Nebraska Year:  2012 Name:  Avery Moss Position:  DE City:  Tempe State:  AZ Height:  76 Weight:  245 Stars:  3,
School:  Arizona Year:  2012 Name:  Dwight Melvin Position:  DT City:  Laveen State:  AZ Height:  74 Weight:  265 Stars:  3,School:  Nebraska Year:  2012 Name:  Jared Afalava Position:  LB City:  South Jordan State:  UT Height:  75 Weight:  215 Stars:  3,
School:  Mississippi State Year:  2012 Name:  Cole Carter Position:  OT City:  Caledonia State:  MS Height:  77 Weight:  290 Stars:  3,School:  Nebraska Year:  2012 Name:  Mohammed Seisay Position:  DB City:  Thatcher State:  AZ Height:  74 Weight:  200 Stars:  4,
School:  Buffalo Year:  2012 Name:  Robert Riche Position:  OT City:  Canton State:  MI Height:  78 Weight:  270 Stars:  3,School:  Nebraska Year:  2012 Name:  Thomas Brown Position:  LB City:  Gardena State:  CA Height:  74 Weight:  212 Stars:  3,
School:  Purdue Year:  2012 Name:  Jordan Woods Position:  WR City:  Ann Arbor State:  MI Height:  74 Weight:  173 Stars:  3,School:  Nebraska Year:  2012 Name:  Zaire Anderson Position:  LB City:  Riverside State:  CA Height:  73 Weight:  220 Stars:  4,
School:  Toledo Year:  2012 Name:  Danny Larkins Position:  CB City:  Madison Heights State:  MI Height:  72 Weight:  180 Stars:  3,School:  Nebraska Year:  2012 Name:  Tommy Armstrong Position:  QB City:  Cibolo State:  TX Height:  74 Weight:  210 Stars:  3,
School:  Illinois Year:  2012 Name:  Lakeith Walls Position:  ATH City:  Cleveland State:  OH Height:  76 Weight:  200 Stars:  3,School:  Nebraska Year:  2012 Name:  Paul Thurston Position:  OL City:  Arvada State:  CO Height:  77 Weight:  274 Stars:  4,
School:  Wisconsin Year:  2012 Name:  Reggie Love Position:  WR City:  Boca Raton State:  FL Height:  75 Weight:  200 Stars:  3,School:  Nebraska Year:  2012 Name:  Greg McMullen Position:  DE City:  Akron State:  OH Height:  77 Weight:  255 Stars:  4,
School:  Texas State Year:  2012 Name:  Dede Westbrook Position:  WR City:  Cameron State:  TX Height:  71 Weight:  175 Stars:  3,School:  Nebraska Year:  2012 Name:  Sam Cotton Position:  TE City:  Lincoln State:  NE Height:  76 Weight:  240 Stars:  3,
School:  Cincinnati Year:  2012 Name:  Shakim Alonzo Position:  WR City:  Pittsburgh State:  PA Height:  77 Weight:  205 Stars:  3,School:  Nebraska Year:  2012 Name:  Jordan Westerkamp Position:  WR City:  Lombard State:  IL Height:  74 Weight:  195 Stars:  4,
School:  Utah Year:  2012 Name:  Vaha Vainuku Position:  DT City:  Salt Lake City State:  UT Height:  75 Weight:  295 Stars:  3,School:  Nebraska Year:  2012 Name:  Michael Rose Position:  LB City:  Kansas City State:  MO Height:  72 Weight:  230 Stars:  3,
School:  None Year:  2012 Name:  Casey Lawson Position:  OG City:  Roxboro State:  NC Height:  76 Weight:  290 Stars:  3,School:  Nevada Year:  2012 Name:  Chris Soloman Position:  RB City:  West Covina State:  CA Height:  72 Weight:  185 Stars:  0,
School:  Toledo Year:  2012 Name:  Jaylen Coleman Position:  ILB City:  Pittsburgh State:  PA Height:  73 Weight:  218 Stars:  3,School:  Nevada Year:  2012 Name:  Jerico Richardson Position:  DB City:  Mission Hills State:  CA Height:  73 Weight:  180 Stars:  2,
School:  Arkansas State Year:  2012 Name:  Tevin Bryson Position:  DT City:  Humboldt State:  TN Height:  75 Weight:  285 Stars:  3,School:  Nevada Year:  2012 Name:  Marquis Newell Position:  DB City:  Sarasota State:  FL Height:  72 Weight:  175 Stars:  0,
School:  Illinois Year:  2012 Name:  Jason Robertson Position:  WR City:  Frankfort State:  IL Height:  72 Weight:  183 Stars:  3,School:  Nevada Year:  2012 Name:  Markus Smith Position:  DB City:  Riverside State:  CA Height:  74 Weight:  190 Stars:  2,
School:  Indiana Year:  2012 Name:  Caleb Cornett Position:  WR City:  Indianapolis State:  IN Height:  75 Weight:  175 Stars:  3,School:  Nevada Year:  2012 Name:  Nigel Haikins Position:  DB City:  Pleasant Hill State:  CA Height:  71 Weight:  190 Stars:  0,
School:  Washington State Year:  2012 Name:  Kache Palacio Position:  OLB City:  Gardena State:  CA Height:  74 Weight:  224 Stars:  3,School:  Nevada Year:  2012 Name:  Travis Gardner Position:  WR City:  Chula Vista State:  CA Height:  73 Weight:  185 Stars:  2,
School:  Arizona State Year:  2012 Name:  Milo Jordan Position:  SDE City:  Corona State:  CA Height:  75 Weight:  280 Stars:  3,School:  Nevada Year:  2012 Name:  Nigel Westbrooks Position:  WR City:  San Marcos State:  CA Height:  74 Weight:  190 Stars:  3,
School:  Wake Forest Year:  2012 Name:  Jonathan Williams Position:  WR City:  Atlanta State:  GA Height:  75 Weight:  175 Stars:  3,School:  Nevada Year:  2012 Name:  Aisea Hansen Position:  OL City:  Fontana State:  CA Height:  76 Weight:  315 Stars:  2,
School:  Virginia Year:  2012 Name:  C.J. Moore Position:  CB City:  Buford State:  GA Height:  70 Weight:  160 Stars:  3,School:  Nevada Year:  2012 Name:  Shane Pennix Position:  DE City:  El Cajon State:  CA Height:  75 Weight:  250 Stars:  3,
School:  None Year:  2012 Name:  Alex Dickman Position:  OT City:  Paradise Valley State:  AZ Height:  77 Weight:  330 Stars:  3,School:  Nevada Year:  2012 Name:  Tyler Stewart Position:  QB City:  Chatsworth State:  CA Height:  75 Weight:  205 Stars:  3,
School:  Connecticut Year:  2012 Name:  Tyler Samra Position:  OC City:  Ramsey State:  NJ Height:  76 Weight:  275 Stars:  3,School:  Nevada Year:  2012 Name:  Brian Guendling Position:  DE City:  Poway State:  CA Height:  76 Weight:  215 Stars:  2,
School:  Miami Year:  2012 Name:  Josh Witt Position:  OLB City:  Fort Lauderdale State:  FL Height:  74 Weight:  208 Stars:  3,School:  Nevada Year:  2012 Name:  Hasaan Henderson Position:  QB City:  Las Vegas State:  NV Height:  76 Weight:  210 Stars:  3,
School:  Vanderbilt Year:  2012 Name:  Harding Harper Position:  OLB City:  Montgomery State:  AL Height:  74 Weight:  210 Stars:  3,School:  Nevada Year:  2012 Name:  Abe Abdelkarim Position:  OL City:  Allen State:  TX Height:  78 Weight:  310 Stars:  2,
School:  Rutgers Year:  2012 Name:  Blake Rankin Position:  PRO City:  Bloomsburg State:  PA Height:  76 Weight:  195 Stars:  3,School:  Nevada Year:  2012 Name:  Charles Faraimo Position:  OL City:  Sacramento State:  CA Height:  75 Weight:  270 Stars:  2,
School:  Vanderbilt Year:  2012 Name:  Jakarri Thomas Position:  OLB City:  Tallahassee State:  FL Height:  74 Weight:  200 Stars:  3,School:  Nevada Year:  2012 Name:  Cortez Woods Position:  DT City:  Sacramento State:  CA Height:  75 Weight:  260 Stars:  3,
School:  Idaho Year:  2012 Name:  Ma'ne Manaea Position:  S City:  Lakewood State:  WA Height:  71 Weight:  175 Stars:  3,School:  Nevada Year:  2012 Name:  Alex Bertrando Position:  LB City:  Loomis State:  CA Height:  75 Weight:  215 Stars:  2,
School:  Colorado State Year:  2012 Name:  Jordon Vaden Position:  WR City:  New Raymer State:  CO Height:  75 Weight:  170 Stars:  3,School:  Nevada Year:  2012 Name:  Randy Uzoma Position:  WR City:  Canoga Park State:  CA Height:  74 Weight:  205 Stars:  3,
School:  Illinois Year:  2012 Name:  Mason Monheim Position:  OLB City:  Orrville State:  OH Height:  73 Weight:  215 Stars:  3,School:  Nevada Year:  2012 Name:  Jarred Gipson Position:  WR City:  Houston State:  TX Height:  73 Weight:  215 Stars:  2,
School:  Virginia Year:  2012 Name:  Maurice Canady Position:  ATH City:  Richmond State:  VA Height:  73 Weight:  168 Stars:  3,School:  Nevada Year:  2012 Name:  Cody Tuttle Position:  WR City:  Westlake Village State:  CA Height:  75 Weight:  215 Stars:  3,
School:  McNeese Year:  2012 Name:  Alex Johnson Position:  RB City:  Carencro State:  LA Height:  70 Weight:  185 Stars:  3,School:  Nevada Year:  2012 Name:  Brent Roling Position:  OL City:  San Jacinto State:  CA Height:  79 Weight:  290 Stars:  0,
School:  None Year:  2012 Name:  Ghierry van der Kuyp Position:  WR City:  Hialeah State:  FL Height:  75 Weight:  180 Stars:  3,School:  Nevada Year:  2012 Name:  Fred Lavulo Position:  DT City:  Norwalk State:  CA Height:  74 Weight:  310 Stars:  2,
School:  Texas Tech Year:  2012 Name:  Chase Robison Position:  WDE City:  Memphis State:  TN Height:  76 Weight:  228 Stars:  3,School:  Nevada Year:  2012 Name:  Travis Hansen Position:  LB City:  Weed State:  CA Height:  74 Weight:  225 Stars:  2,
School:  Iowa State Year:  2012 Name:  Mitchell Meyers Position:  SDE City:  The Woodlands State:  TX Height:  76 Weight:  241 Stars:  3,School:  Nevada Year:  2012 Name:  Abel Deharo Position:  OL City:  Valley Glen State:  CA Height:  75 Weight:  295 Stars:  2,
School:  Arizona Year:  2012 Name:  Anthony Lopez Position:  RB City:  Gilbert State:  AZ Height:  70 Weight:  180 Stars:  3,School:  New Mexico Year:  2012 Name:  Brett Bowers Position:  DE City:  Ukiah State:  CA Height:  74 Weight:  235 Stars:  0,
School:  Kentucky Year:  2012 Name:  T.J. Jones Position:  OT City:  Myrtle Beach State:  SC Height:  78 Weight:  290 Stars:  3,School:  New Mexico Year:  2012 Name:  Quinton McCown Position:  QB City:  Modesto State:  CA Height:  76 Weight:  205 Stars:  0,
School:  None Year:  2012 Name:  Vegas Harley Position:  ATH City:  Mount Dora State:  FL Height:  72 Weight:  180 Stars:  3,School:  New Mexico Year:  2012 Name:  SaQwan Edwards Position:  WR City:  Brenham State:  TX Height:  73 Weight:  170 Stars:  2,
School:  Georgia Southern Year:  2012 Name:  Matt Dobson Position:  DUAL City:  Tallahassee State:  FL Height:  73 Weight:  208 Stars:  3,School:  New Mexico Year:  2012 Name:  Darian Allen Position:  OL City:  Dallas State:  TX Height:  77 Weight:  260 Stars:  2,
School:  Cincinnati Year:  2012 Name:  Kevin Brown Position:  S City:  Indianapolis State:  IN Height:  73 Weight:  195 Stars:  3,School:  New Mexico Year:  2012 Name:  Chris Edling Position:  TE City:  Corsicana State:  TX Height:  75 Weight:  215 Stars:  2,
School:  UNLV Year:  2012 Name:  Jeremiah Valoaga Position:  TE City:  Oxnard State:  CA Height:  78 Weight:  210 Stars:  3,School:  New Mexico Year:  2012 Name:  Gerron Borne Position:  DT City:  Reserve State:  LA Height:  75 Weight:  275 Stars:  3,
School:  BYU Year:  2012 Name:  Matt Hadley Position:  S City:  Connell State:  WA Height:  71 Weight:  185 Stars:  3,School:  New Mexico Year:  2012 Name:  JaMarcus Young Position:  DB City:  Englewood State:  CO Height:  73 Weight:  175 Stars:  0,
School:  Troy Year:  2012 Name:  Andre Allen Position:  RB City:  Panama City Beach State:  FL Height:  69 Weight:  180 Stars:  3,School:  New Mexico Year:  2012 Name:  Johnny Vizcaino Position:  OL City:  San Antonio State:  TX Height:  75 Weight:  290 Stars:  2,
School:  Tennessee Year:  2012 Name:  Daniel Gray Position:  CB City:  Fort Lauderdale State:  FL Height:  72 Weight:  170 Stars:  3,School:  New Mexico Year:  2012 Name:  Paytron Hightower Position:  OL City:  Dallas State:  TX Height:  76 Weight:  260 Stars:  2,
School:  Penn State Year:  2012 Name:  Trevor Williams Position:  WR City:  Towson State:  MD Height:  73 Weight:  168 Stars:  3,School:  New Mexico Year:  2012 Name:  Rashad Rainey Position:  LB City:  Riverside State:  CA Height:  75 Weight:  210 Stars:  2,
School:  Western Michigan Year:  2012 Name:  Anthony Maddie Position:  DUAL City:  Aurora State:  IL Height:  74 Weight:  196 Stars:  3,School:  New Mexico Year:  2012 Name:  Cranston Jones Position:  DB City:  Mesquite State:  TX Height:  69 Weight:  170 Stars:  3,
School:  Bowling Green Year:  2012 Name:  Mike Minns Position:  DT City:  Palm Beach Gardens State:  FL Height:  73 Weight:  295 Stars:  3,School:  New Mexico Year:  2012 Name:  Ridge Jones Position:  WR City:  DeSoto State:  TX Height:  70 Weight:  165 Stars:  2,
School:  Kentucky Year:  2012 Name:  Shawn Blaylock Position:  WR City:  Stone Mountain State:  GA Height:  74 Weight:  180 Stars:  3,School:  New Mexico Year:  2012 Name:  Michael Arredondo Position:  LB City:  Phoenix State:  AZ Height:  74 Weight:  200 Stars:  2,
School:  Kansas State Year:  2012 Name:  Cody Small Position:  TE City:  Cypress State:  TX Height:  76 Weight:  237 Stars:  3,School:  New Mexico Year:  2012 Name:  Carlos Wiggins Position:  WR City:  Plano State:  TX Height:  69 Weight:  170 Stars:  2,
School:  Iowa Year:  2012 Name:  Tevaun Smith Position:  WR City:  Toronto State:  ON Height:  74 Weight:  200 Stars:  3,School:  New Mexico Year:  2012 Name:  Marquis Bundy Position:  WR City:  Anthem State:  AZ Height:  75 Weight:  190 Stars:  2,
School:  San Jos√© State Year:  2012 Name:  Christian Tago Position:  ATH City:  Palmdale State:  CA Height:  73 Weight:  210 Stars:  3,School:  New Mexico Year:  2012 Name:  Garrett Adcock Position:  OL City:  Dallas State:  TX Height:  74 Weight:  275 Stars:  3,
School:  Kansas State Year:  2012 Name:  Vernon Vaughn Position:  WR City:  Kansas City State:  KS Height:  74 Weight:  180 Stars:  3,School:  New Mexico Year:  2012 Name:  Bryan Oldenkamp Position:  OL City:  Hesperia State:  CA Height:  76 Weight:  290 Stars:  2,
School:  California Year:  2012 Name:  Steve Moore Position:  OG City:  Elk Grove State:  CA Height:  78 Weight:  250 Stars:  3,School:  New Mexico Year:  2012 Name:  Christian Rebhun Position:  TE City:  Englewood State:  CO Height:  77 Weight:  230 Stars:  2,
School:  None Year:  2012 Name:  Travondre Rabon Position:  WR City:  Dallas State:  TX Height:  74 Weight:  190 Stars:  3,School:  New Mexico Year:  2012 Name:  David Orvick Position:  LB City:  Foothill State:  CA Height:  75 Weight:  225 Stars:  2,
School:  NC State Year:  2012 Name:  Majid Salahuddin Position:  S City:  Fayetteville State:  NC Height:  75 Weight:  190 Stars:  3,School:  New Mexico Year:  2012 Name:  Rashad Jackson Position:  ATH City:  Missouri City State:  TX Height:  71 Weight:  175 Stars:  2,
School:  South Carolina Year:  2012 Name:  Nick St. Germain Position:  K City:  Powder Springs State:  GA Height:  70 Weight:  165 Stars:  3,School:  New Mexico Year:  2012 Name:  Vershad Jackson Position:  DB City:  Missouri City State:  TX Height:  71 Weight:  175 Stars:  2,
School:  Toledo Year:  2012 Name:  Chaz Whittaker Position:  WR City:  Pittsburgh State:  PA Height:  75 Weight:  180 Stars:  3,School:  New Mexico Year:  2012 Name:  Ryan Santos Position:  DB City:  Klein State:  TX Height:  70 Weight:  175 Stars:  3,
School:  Minnesota Year:  2012 Name:  Mitch Leidner Position:  PRO City:  Lakeville State:  MN Height:  76 Weight:  220 Stars:  3,School:  New Mexico Year:  2012 Name:  Dominic Twitty Position:  DE City:  Mount Holly State:  NJ Height:  75 Weight:  270 Stars:  2,
School:  Iowa Year:  2012 Name:  Michael Malloy Position:  RB City:  Sioux City State:  IA Height:  72 Weight:  185 Stars:  3,School:  New Mexico Year:  2012 Name:  Richard Winston Position:  DE City:  Chandler State:  AZ Height:  76 Weight:  210 Stars:  2,
School:  None Year:  2012 Name:  Gregory Jackson Position:  WDE City:  Houston State:  TX Height:  76 Weight:  240 Stars:  3,School:  New Mexico Year:  2012 Name:  Cole Gautsche Position:  QB City:  Rio Rancho State:  NM Height:  76 Weight:  211 Stars:  3,
School:  Penn State Year:  2012 Name:  Evan Schwan Position:  WDE City:  Harrisburg State:  PA Height:  78 Weight:  235 Stars:  3,School:  New Mexico Year:  2012 Name:  Josh Baggett Position:  OL City:  Rio Rancho State:  NM Height:  76 Weight:  290 Stars:  2,
School:  Toledo Year:  2012 Name:  Orion Jones Position:  DT City:  Jenks State:  OK Height:  73 Weight:  270 Stars:  3,School:  New Mexico State Year:  2012 Name:  Robert Wagner Position:  LB City:  Ontario State:  CA Height:  74 Weight:  225 Stars:  3,
School:  Wake Forest Year:  2012 Name:  Will Smith Position:  OT City:  Church View State:  VA Height:  77 Weight:  270 Stars:  3,School:  New Mexico State Year:  2012 Name:  Isaiah Folasa Position:  OL City:  Corona State:  CA Height:  74 Weight:  340 Stars:  2,
School:  North Carolina Year:  2012 Name:  Justin Thomason Position:  SDE City:  Mcdonough State:  GA Height:  76 Weight:  240 Stars:  3,School:  New Mexico State Year:  2012 Name:  Dada Richards Position:  OL City:  Pleasant Hill State:  CA Height:  75 Weight:  320 Stars:  2,
School:  Washington State Year:  2012 Name:  Denzell Dotson Position:  OG City:  Glendale State:  AZ Height:  74 Weight:  303 Stars:  3,School:  New Mexico State Year:  2012 Name:  Peter Foreman Position:  OL City:  Houston State:  TX Height:  77 Weight:  321 Stars:  2,
School:  Houston Year:  2012 Name:  Steven Aikens Position:  OLB City:  Arlington State:  TX Height:  73 Weight:  200 Stars:  3,School:  New Mexico State Year:  2012 Name:  Zach Jones Position:  TE City:  Highlands Ranch State:  CO Height:  76 Weight:  240 Stars:  0,
School:  Iowa State Year:  2012 Name:  Daniel Burton Position:  OT City:  Oklahoma City State:  OK Height:  76 Weight:  275 Stars:  3,School:  New Mexico State Year:  2012 Name:  Thomas Shepard Position:  DE City:  Denver State:  CO Height:  76 Weight:  225 Stars:  0,
School:  Michigan State Year:  2012 Name:  Mark Meyers Position:  S City:  Toledo State:  OH Height:  72 Weight:  190 Stars:  3,School:  New Mexico State Year:  2012 Name:  Dominique Love Position:  DB City:  Chula Vista State:  CA Height:  73 Weight:  180 Stars:  0,
School:  Northern Illinois Year:  2012 Name:  Scott Taylor Position:  OT City:  Woodstock State:  IL Height:  76 Weight:  275 Stars:  3,School:  New Mexico State Year:  2012 Name:  Cayle Chapman-Brown Position:  K City:  Ephraim State:  UT Height:  77 Weight:  230 Stars:  2,
School:  Maryland Year:  2012 Name:  Stefan Houston Position:  ATH City:  Clarksburg State:  MD Height:  75 Weight:  200 Stars:  3,School:  New Mexico State Year:  2012 Name:  Inuka Rhaheed Position:  OL City:  Fort Pierce State:  FL Height:  75 Weight:  280 Stars:  3,
School:  North Texas Year:  2012 Name:  David Busby Position:  S City:  Coppell State:  TX Height:  71 Weight:  180 Stars:  3,School:  New Mexico State Year:  2012 Name:  Akeelie Mustafa Position:  RB City:  Santa Ana State:  CA Height:  69 Weight:  185 Stars:  2,
School:  SMU Year:  2012 Name:  Damien Neroes Position:  ILB City:  Garland State:  TX Height:  73 Weight:  220 Stars:  3,School:  New Mexico State Year:  2012 Name:  Dele Junaid Position:  DB City:  Thatcher State:  AZ Height:  73 Weight:  200 Stars:  2,
School:  Colorado Year:  2012 Name:  Terrence Crowder Position:  RB City:  Galena Park State:  TX Height:  70 Weight:  208 Stars:  3,School:  New Mexico State Year:  2012 Name:  Perris Scoggins Position:  TE City:  San Jacinto State:  CA Height:  76 Weight:  240 Stars:  2,
School:  Minnesota Year:  2012 Name:  Antonio Johnson Position:  S City:  Cleveland State:  OH Height:  72 Weight:  190 Stars:  3,School:  New Mexico State Year:  2012 Name:  Kevin Laudermill Position:  DT City:  Culver City State:  CA Height:  75 Weight:  300 Stars:  3,
School:  Cincinnati Year:  2012 Name:  Joey Jones Position:  OLB City:  Homestead State:  FL Height:  72 Weight:  190 Stars:  3,School:  New Mexico State Year:  2012 Name:  Kalvin Cruz Position:  DE City:  Ventura State:  CA Height:  76 Weight:  275 Stars:  3,
School:  Northwestern Year:  2012 Name:  Joseph Jones Position:  ATH City:  Plano State:  IL Height:  72 Weight:  185 Stars:  3,School:  New Mexico State Year:  2012 Name:  Nick Oliva Position:  DE City:  Santa Clarita State:  CA Height:  78 Weight:  250 Stars:  2,
School:  Arkansas State Year:  2012 Name:  Todd Mays Position:  ATH City:  Olive Branch State:  MS Height:  72 Weight:  200 Stars:  3,School:  New Mexico State Year:  2012 Name:  Andrew McDonald Position:  QB City:  Santa Ana State:  CA Height:  75 Weight:  215 Stars:  3,
School:  Middle Tennessee Year:  2012 Name:  Shaq Huff Position:  DT City:  Covington State:  GA Height:  73 Weight:  290 Stars:  3,School:  New Mexico State Year:  2012 Name:  Trashaun Nixon Position:  LB City:  Ventura State:  CA Height:  74 Weight:  220 Stars:  3,
School:  Rice Year:  2012 Name:  Luke Turner Position:  ATH City:  Gilmer State:  TX Height:  73 Weight:  210 Stars:  3,School:  New Mexico State Year:  2012 Name:  Cameron Fuller Position:  DB City:  San Pablo State:  CA Height:  72 Weight:  175 Stars:  2,
School:  None Year:  2012 Name:  Bryan Allen Position:  WR City:  La Marque State:  TX Height:  75 Weight:  195 Stars:  3,School:  New Mexico State Year:  2012 Name:  Alfred Sharp Position:  OL City:  Council Bluffs State:  IA Height:  77 Weight:  285 Stars:  3,
School:  None Year:  2012 Name:  Jamarcus Walker Position:  RB City:  Lufkin State:  TX Height:  68 Weight:  170 Stars:  3,School:  New Mexico State Year:  2012 Name:  King Davis Position:  QB City:  Mesquite State:  TX Height:  73 Weight:  175 Stars:  2,
School:  None Year:  2012 Name:  Johnathon Johnson Position:  WR City:  Friendswood State:  TX Height:  67 Weight:  173 Stars:  3,School:  North Carolina Year:  2012 Name:  Quinshad Davis Position:  WR City:  Gaffney State:  SC Height:  75 Weight:  180 Stars:  4,
School:  Utah State Year:  2012 Name:  Tavarreon Dickerson Position:  APB City:  Arlington State:  TX Height:  69 Weight:  165 Stars:  3,School:  North Carolina Year:  2012 Name:  Monte Taylor Position:  TE City:  Springdale State:  MD Height:  75 Weight:  235 Stars:  2,
School:  Iowa Year:  2012 Name:  Drew Ott Position:  WDE City:  Trumbull State:  NE Height:  77 Weight:  235 Stars:  3,School:  North Carolina Year:  2012 Name:  Junior Gnonkonde Position:  DE City:  Lakeland State:  GA Height:  77 Weight:  225 Stars:  3,
School:  Washington State Year:  2012 Name:  Taylor Taliulu Position:  S City:  Aiea State:  HI Height:  71 Weight:  171 Stars:  3,School:  North Carolina Year:  2012 Name:  Kendrick Singleton Position:  WR City:  Glen St. Mary State:  FL Height:  75 Weight:  200 Stars:  3,
School:  Minnesota Year:  2012 Name:  Jack Lynn Position:  OLB City:  Lake Zurich State:  IL Height:  76 Weight:  210 Stars:  3,School:  North Carolina Year:  2012 Name:  James Summers Position:  QB City:  Greensboro State:  NC Height:  75 Weight:  205 Stars:  4,
School:  Miami Year:  2012 Name:  Jake O'Donnell Position:  SDE City:  Doylestown State:  PA Height:  78 Weight:  235 Stars:  3,School:  North Carolina Year:  2012 Name:  Justin Thomason Position:  DE City:  McDonough State:  GA Height:  76 Weight:  240 Stars:  3,
School:  Nevada Year:  2012 Name:  Hasaan Henderson Position:  DUAL City:  Las Vegas State:  NV Height:  76 Weight:  200 Stars:  3,School:  North Carolina Year:  2012 Name:  Clinton Heaven Position:  DB City:  Bradenton State:  FL Height:  72 Weight:  192 Stars:  3,
School:  East Carolina Year:  2012 Name:  Dre Scarborough Position:  OLB City:  Beulaville State:  NC Height:  74 Weight:  220 Stars:  3,School:  North Carolina Year:  2012 Name:  Caleb Peterson Position:  OL City:  Auburn State:  AL Height:  76 Weight:  295 Stars:  3,
School:  Washington Year:  2012 Name:  Kalei Auelua Position:  WDE City:  Honolulu State:  HI Height:  73 Weight:  230 Stars:  3,School:  North Carolina Year:  2012 Name:  Kanler Coker Position:  QB City:  Flowery Branch State:  GA Height:  76 Weight:  205 Stars:  3,
School:  NC State Year:  2012 Name:  Manny Stocker Position:  PRO City:  Coatesville State:  PA Height:  75 Weight:  200 Stars:  3,School:  North Carolina Year:  2012 Name:  Nathan Staub Position:  RB City:  Buford State:  GA Height:  74 Weight:  210 Stars:  3,
School:  USC Year:  2012 Name:  Chad Wheeler Position:  OT City:  Santa Monica State:  CA Height:  78 Weight:  250 Stars:  3,School:  North Carolina Year:  2012 Name:  Tyreece Jiles Position:  DB City:  Cape Coral State:  FL Height:  71 Weight:  165 Stars:  3,
School:  Maryland Year:  2012 Name:  Amba Etta-Tawo Position:  WR City:  Powder Springs State:  GA Height:  75 Weight:  175 Stars:  3,School:  North Carolina Year:  2012 Name:  Joseph Jackson Position:  LB City:  Jacksonville State:  FL Height:  74 Weight:  210 Stars:  3,
School:  Northwestern Year:  2012 Name:  Terrance Brown Position:  S City:  Los Alamitos State:  CA Height:  72 Weight:  195 Stars:  3,School:  North Carolina Year:  2012 Name:  Malik Simmons Position:  DB City:  Lehigh Acres State:  FL Height:  71 Weight:  180 Stars:  3,
School:  Kentucky Year:  2012 Name:  Dyshawn Mobley Position:  RB City:  Powell State:  TN Height:  72 Weight:  210 Stars:  3,School:  North Carolina Year:  2012 Name:  Jessie Rogers Position:  DE City:  Arlington State:  TX Height:  76 Weight:  240 Stars:  3,
School:  Penn State Year:  2012 Name:  Jordan Lucas Position:  S City:  Worcester State:  MA Height:  72 Weight:  176 Stars:  3,School:  North Carolina Year:  2012 Name:  Damien Washington Position:  ATH City:  Kannapolis State:  NC Height:  73 Weight:  180 Stars:  3,
School:  Tulsa Year:  2012 Name:  Damian Gibson Position:  WDE City:  Tulsa State:  OK Height:  76 Weight:  246 Stars:  3,School:  North Carolina Year:  2012 Name:  Dan Mastromatteo Position:  LB City:  Absecon State:  NJ Height:  74 Weight:  215 Stars:  3,
School:  San Diego State Year:  2012 Name:  Kendrick Mathis Position:  S City:  Ventura State:  CA Height:  73 Weight:  185 Stars:  3,School:  North Carolina Year:  2012 Name:  John Ferranto Position:  OL City:  Burlington State:  NJ Height:  78 Weight:  270 Stars:  2,
School:  Washington Year:  2012 Name:  Dwayne Washington Position:  WR City:  Cerritos State:  CA Height:  72 Weight:  170 Stars:  3,School:  North Carolina Year:  2012 Name:  Jon Heck Position:  OL City:  Jacksonville State:  FL Height:  78 Weight:  280 Stars:  3,
School:  Missouri Year:  2012 Name:  Levi Copelin Position:  S City:  Broken Arrow State:  OK Height:  74 Weight:  180 Stars:  3,School:  North Carolina Year:  2012 Name:  Kedrick Davis Position:  ATH City:  Charlotte State:  NC Height:  70 Weight:  165 Stars:  3,
School:  Illinois Year:  2012 Name:  Robert Bain Position:  OG City:  Bolingbrook State:  IL Height:  75 Weight:  280 Stars:  3,School:  North Carolina Year:  2012 Name:  Terrance Knox Position:  TE City:  Concord State:  NC Height:  74 Weight:  240 Stars:  3,
School:  Bethune-Cookman Year:  2012 Name:  Ray Martin Position:  WR City:  Sanford State:  FL Height:  71 Weight:  175 Stars:  3,School:  North Carolina Year:  2012 Name:  Phillip Williamson Position:  LB City:  Durham State:  NC Height:  75 Weight:  208 Stars:  3,
School:  Air Force Year:  2012 Name:  Glynn Cheeks Position:  SDE City:  Manvel State:  TX Height:  75 Weight:  205 Stars:  3,School:  North Carolina Year:  2012 Name:  J.J. Patterson Position:  OL City:  Roanoke Rapids State:  NC Height:  76 Weight:  310 Stars:  4,
School:  Louisville Year:  2012 Name:  Joe Manley Position:  OT City:  Bowling Green State:  KY Height:  78 Weight:  310 Stars:  3,School:  North Carolina Year:  2012 Name:  Shakeel Rashad Position:  LB City:  Jacksonville State:  FL Height:  74 Weight:  213 Stars:  3,
School:  Marshall Year:  2012 Name:  Cameron Dees Position:  OC City:  Seffner State:  FL Height:  74 Weight:  275 Stars:  3,School:  North Texas Year:  2012 Name:  Jarmarcus Jarvis Position:  RB City:  Gonzales State:  LA Height:  71 Weight:  197 Stars:  2,
School:  Connecticut Year:  2012 Name:  Zach Rugg Position:  OT City:  Johnstown State:  PA Height:  77 Weight:  270 Stars:  3,School:  North Texas Year:  2012 Name:  Mark Lewis Position:  LB City:  Livonia State:  LA Height:  72 Weight:  195 Stars:  2,
School:  East Carolina Year:  2012 Name:  Quataye Smyre Position:  CB City:  Statesville State:  NC Height:  71 Weight:  160 Stars:  3,School:  North Texas Year:  2012 Name:  Devante Davis Position:  DB City:  Baton Rouge State:  LA Height:  71 Weight:  185 Stars:  2,
School:  Virginia Tech Year:  2012 Name:  Jerome Wright Position:  ATH City:  Highland Springs State:  VA Height:  74 Weight:  225 Stars:  3,School:  North Texas Year:  2012 Name:  Dutton Watson Position:  DE City:  Midland State:  TX Height:  75 Weight:  240 Stars:  2,
School:  SMU Year:  2012 Name:  Prescott Line Position:  ILB City:  Oxford State:  MI Height:  73 Weight:  215 Stars:  3,School:  North Texas Year:  2012 Name:  LaJaylin Smith Position:  LB City:  LaPlace State:  LA Height:  72 Weight:  215 Stars:  2,
School:  Appalachian State Year:  2012 Name:  John Law Position:  ILB City:  Atlanta State:  GA Height:  71 Weight:  225 Stars:  3,School:  North Texas Year:  2012 Name:  Jamal Marshall Position:  DB City:  Missouri City State:  TX Height:  75 Weight:  190 Stars:  2,
School:  Stanford Year:  2012 Name:  Michael Rector Position:  WR City:  Tacoma State:  WA Height:  72 Weight:  170 Stars:  3,School:  North Texas Year:  2012 Name:  Mustafa Haboul Position:  DT City:  Arlington State:  TX Height:  73 Weight:  240 Stars:  2,
School:  Arkansas State Year:  2012 Name:  Kendrick Daniels Position:  APB City:  Sulphur Springs State:  TX Height:  66 Weight:  160 Stars:  3,School:  North Texas Year:  2012 Name:  Connor Trussell Position:  OL City:  Arlington State:  TX Height:  77 Weight:  285 Stars:  2,
School:  Arkansas State Year:  2012 Name:  Quintaz Struble Position:  WDE City:  Oklahoma City State:  OK Height:  75 Weight:  235 Stars:  3,School:  North Texas Year:  2012 Name:  David Busby Position:  DB City:  Coppell State:  TX Height:  71 Weight:  180 Stars:  2,
School:  West Virginia Year:  2012 Name:  K.J. Dillon Position:  S City:  Apopka State:  FL Height:  73 Weight:  190 Stars:  3,School:  North Texas Year:  2012 Name:  Ryan Rentfro Position:  OL City:  Flower Mound State:  TX Height:  76 Weight:  280 Stars:  2,
School:  Indiana Year:  2012 Name:  Alex Todd Position:  DT City:  Streetsboro State:  OH Height:  76 Weight:  290 Stars:  3,School:  North Texas Year:  2012 Name:  D.Q. Johnson Position:  DB City:  Council Bluffs State:  IA Height:  71 Weight:  185 Stars:  3,
School:  None Year:  2012 Name:  Dan Gibbs Position:  OT City:  Birmingham State:  MI Height:  79 Weight:  305 Stars:  3,School:  North Texas Year:  2012 Name:  Dustin Clark Position:  LB City:  Borger State:  TX Height:  72 Weight:  202 Stars:  2,
School:  UCLA Year:  2012 Name:  Fabian Moreau Position:  RB City:  Fort Lauderdale State:  FL Height:  72 Weight:  174 Stars:  3,School:  North Texas Year:  2012 Name:  Xavier Kelly Position:  DB City:  Katy State:  TX Height:  71 Weight:  165 Stars:  3,
School:  Navy Year:  2012 Name:  Tyler Goble Position:  ILB City:  Canton State:  MI Height:  73 Weight:  220 Stars:  3,School:  North Texas Year:  2012 Name:  Brad Horton Position:  DE City:  Argyle State:  TX Height:  78 Weight:  230 Stars:  2,
School:  Iowa Year:  2012 Name:  Barkley Hill Position:  RB City:  Cedar Falls State:  IA Height:  72 Weight:  210 Stars:  3,School:  North Texas Year:  2012 Name:  Nick Schrapps Position:  WR City:  Beaumont State:  TX Height:  75 Weight:  197 Stars:  3,
School:  None Year:  2012 Name:  Miles Jones Position:  RB City:  Acworth State:  GA Height:  69 Weight:  195 Stars:  3,School:  North Texas Year:  2012 Name:  Boone Feldt Position:  OL City:  Buda State:  TX Height:  75 Weight:  276 Stars:  3,
School:  California Year:  2012 Name:  Damariay Drew Position:  ATH City:  Livermore State:  CA Height:  71 Weight:  195 Stars:  3,School:  North Texas Year:  2012 Name:  Malik Dilonga Position:  DE City:  Cedar Hill State:  TX Height:  76 Weight:  245 Stars:  2,
School:  Virginia Tech Year:  2012 Name:  Jack Willenbrock Position:  OG City:  Exton State:  PA Height:  76 Weight:  250 Stars:  3,School:  North Texas Year:  2012 Name:  Jarrian Roberts Position:  LB City:  Clarksville State:  TX Height:  74 Weight:  220 Stars:  2,
School:  Miami Year:  2012 Name:  DeQuan Ivery Position:  DT City:  Lake City State:  FL Height:  73 Weight:  300 Stars:  3,School:  North Texas Year:  2012 Name:  Rex Rollins Position:  RB City:  Tyler State:  TX Height:  73 Weight:  185 Stars:  2,
School:  Nevada Year:  2012 Name:  Cody Tuttle Position:  WR City:  Thousand Oaks State:  CA Height:  74 Weight:  200 Stars:  3,School:  North Texas Year:  2012 Name:  Sir Calvin Wallace Position:  DT City:  Tyler State:  TX Height:  74 Weight:  300 Stars:  2,
School:  Tulane Year:  2012 Name:  Walker Van Hooser Position:  ATH City:  Montgomery State:  AL Height:  73 Weight:  175 Stars:  3,School:  North Texas Year:  2012 Name:  Roderick Lancaster Position:  WR City:  Dallas State:  TX Height:  74 Weight:  200 Stars:  3,
School:  North Carolina Year:  2012 Name:  Damien Washington Position:  ATH City:  Kannapolis State:  NC Height:  72 Weight:  180 Stars:  3,School:  Northwestern Year:  2012 Name:  Stephen Buckley Position:  ATH City:  Forney State:  TX Height:  72 Weight:  178 Stars:  2,
School:  Bowling Green Year:  2012 Name:  Logan Dietz Position:  OT City:  Pittsburgh State:  PA Height:  79 Weight:  267 Stars:  3,School:  Northwestern Year:  2012 Name:  Ifeadi Odenigbo Position:  DE City:  Centerville State:  OH Height:  76 Weight:  210 Stars:  4,
School:  Cincinnati Year:  2012 Name:  Deyshawn Bond Position:  OG City:  Indianapolis State:  IN Height:  75 Weight:  283 Stars:  3,School:  Northwestern Year:  2012 Name:  Andrew Scanlan Position:  WR City:  Royersford State:  PA Height:  74 Weight:  190 Stars:  2,
School:  Marshall Year:  2012 Name:  Gunnar Holcombe Position:  PRO City:  Fort Lauderdale State:  FL Height:  74 Weight:  185 Stars:  3,School:  Northwestern Year:  2012 Name:  Eric Wilson Position:  DB City:  Redford State:  MI Height:  73 Weight:  202 Stars:  3,
School:  West Virginia Year:  2012 Name:  Sean Walters Position:  S City:  Hallandale State:  FL Height:  74 Weight:  200 Stars:  3,School:  Northwestern Year:  2012 Name:  Traveon Henry Position:  DB City:  Ft. Lauderdale State:  FL Height:  73 Weight:  200 Stars:  3,
School:  None Year:  2012 Name:  Reno Henderson Position:  OT City:  Ocala State:  FL Height:  76 Weight:  250 Stars:  3,School:  Northwestern Year:  2012 Name:  Terrance Brown Position:  DB City:  Los Alamitos State:  CA Height:  73 Weight:  195 Stars:  3,
School:  Central Michigan Year:  2012 Name:  Cooper Rush Position:  PRO City:  Lansing State:  MI Height:  75 Weight:  220 Stars:  3,School:  Northwestern Year:  2012 Name:  Jaylen Prater Position:  LB City:  Wellston State:  OH Height:  72 Weight:  214 Stars:  2,
School:  Boise State Year:  2012 Name:  Steven Baggett Position:  OG City:  Arlington State:  TX Height:  75 Weight:  255 Stars:  3,School:  Northwestern Year:  2012 Name:  Greg Kuhar Position:  DT City:  Concord Township State:  OH Height:  75 Weight:  265 Stars:  4,
School:  SMU Year:  2012 Name:  Elie Nabushosi Position:  SDE City:  Frisco State:  TX Height:  75 Weight:  238 Stars:  3,School:  Northwestern Year:  2012 Name:  Dwight White Position:  DB City:  Cypress State:  TX Height:  71 Weight:  175 Stars:  3,
School:  Arizona Year:  2012 Name:  Will Parks Position:  CB City:  Philadelphia State:  PA Height:  75 Weight:  180 Stars:  3,School:  Northwestern Year:  2012 Name:  Chris Fitzpatrick Position:  OL City:  Lawrenceburg State:  KY Height:  73 Weight:  235 Stars:  2,
School:  Purdue Year:  2012 Name:  Anthony Brown Position:  ATH City:  Tampa State:  FL Height:  71 Weight:  180 Stars:  3,School:  Northwestern Year:  2012 Name:  Eric Olson Position:  OL City:  Cambridge State:  MA Height:  78 Weight:  265 Stars:  3,
School:  Iowa Year:  2012 Name:  Greg Mabin Position:  WR City:  Fort Lauderdale State:  FL Height:  74 Weight:  190 Stars:  3,School:  Northwestern Year:  2012 Name:  Adam DePietro Position:  OL City:  Lancaster State:  PA Height:  77 Weight:  270 Stars:  3,
School:  None Year:  2012 Name:  Mike Tyson Position:  OLB City:  Norfolk State:  VA Height:  74 Weight:  187 Stars:  3,School:  Northwestern Year:  2012 Name:  Jack Schwaba Position:  TE City:  Pittsburgh State:  PA Height:  77 Weight:  240 Stars:  3,
School:  NC State Year:  2012 Name:  John Tu'uta Position:  OC City:  Fork Union State:  VA Height:  75 Weight:  315 Stars:  3,School:  Northwestern Year:  2012 Name:  Mike McHugh Position:  WR City:  Kirkwood State:  MO Height:  74 Weight:  185 Stars:  3,
School:  None Year:  2012 Name:  Damon Sprouse Position:  OT City:  Decatur State:  GA Height:  77 Weight:  250 Stars:  3,School:  Northwestern Year:  2012 Name:  Connor Mahoney Position:  DT City:  Malvern State:  PA Height:  76 Weight:  270 Stars:  2,
School:  Southern Mississippi Year:  2012 Name:  Calvin Perry Position:  OLB City:  Hueytown State:  AL Height:  74 Weight:  215 Stars:  3,School:  Northwestern Year:  2012 Name:  Dan Vitale Position:  ATH City:  Wheaton State:  IL Height:  74 Weight:  205 Stars:  2,
School:  Cincinnati Year:  2012 Name:  Drake Bruns Position:  CB City:  Fort Thomas State:  KY Height:  72 Weight:  190 Stars:  3,School:  Northwestern Year:  2012 Name:  Dean Lowry Position:  DE City:  Rockford State:  IL Height:  77 Weight:  225 Stars:  3,
School:  Rutgers Year:  2012 Name:  Derrick Nelson Position:  OT City:  Washington State:  DC Height:  76 Weight:  283 Stars:  3,School:  Northwestern Year:  2012 Name:  Joseph Jones Position:  DB City:  Plano State:  IL Height:  73 Weight:  200 Stars:  2,
School:  None Year:  2012 Name:  Alex Taylor Position:  WR City:  Lester State:  AL Height:  75 Weight:  205 Stars:  3,School:  Northwestern Year:  2012 Name:  Ian Park Position:  OL City:  Pittsburgh State:  PA Height:  76 Weight:  295 Stars:  3,
School:  Georgia Tech Year:  2012 Name:  Freddie Burden Position:  OG City:  Statesboro State:  GA Height:  75 Weight:  290 Stars:  3,School:  Northwestern Year:  2012 Name:  Kenton Playko Position:  OL City:  Lewis Center State:  OH Height:  77 Weight:  270 Stars:  3,
School:  Fresno State Year:  2012 Name:  Justin Johnson Position:  WR City:  Bellflower State:  CA Height:  73 Weight:  190 Stars:  3,School:  Northwestern Year:  2012 Name:  Malin Jones Position:  RB City:  Naperville State:  IL Height:  74 Weight:  190 Stars:  3,
School:  Temple Year:  2012 Name:  Stephaun Marshall Position:  S City:  Montclair State:  NJ Height:  73 Weight:  180 Stars:  3,School:  Notre Dame Year:  2012 Name:  Davonte Neal Position:  WR City:  Scottsdale State:  AZ Height:  70 Weight:  175 Stars:  4,
School:  Missouri Year:  2012 Name:  Harold Brantley Position:  DT City:  Hershey State:  PA Height:  74 Weight:  280 Stars:  3,School:  Notre Dame Year:  2012 Name:  Gunner Kiel Position:  QB City:  Columbus State:  IN Height:  76 Weight:  220 Stars:  5,
School:  Ole Miss Year:  2012 Name:  Robert Conyers Position:  OT City:  Miami State:  FL Height:  77 Weight:  288 Stars:  3,School:  Notre Dame Year:  2012 Name:  Elijah Shumate Position:  DB City:  East Orange State:  NJ Height:  73 Weight:  205 Stars:  4,
School:  South Alabama Year:  2012 Name:  Paul Kyles Position:  TE City:  Mobile State:  AL Height:  74 Weight:  245 Stars:  3,School:  Notre Dame Year:  2012 Name:  KeiVarae Russell Position:  ATH City:  Everett State:  WA Height:  72 Weight:  170 Stars:  4,
School:  Mississippi State Year:  2012 Name:  Devon Bell Position:  P City:  Vicksburg State:  MS Height:  74 Weight:  180 Stars:  3,School:  Notre Dame Year:  2012 Name:  Ronnie Stanley Position:  OL City:  Las Vegas State:  NV Height:  79 Weight:  285 Stars:  4,
School:  Appalachian State Year:  2012 Name:  Tysean Holloway Position:  ATH City:  Asheville State:  NC Height:  72 Weight:  190 Stars:  3,School:  Notre Dame Year:  2012 Name:  William Mahone Position:  RB City:  Austintown State:  OH Height:  71 Weight:  205 Stars:  4,
School:  Rice Year:  2012 Name:  Darrion Pollard Position:  ATH City:  Gilmer State:  TX Height:  69 Weight:  170 Stars:  3,School:  Notre Dame Year:  2012 Name:  Chris Brown Position:  WR City:  Hanahan State:  SC Height:  74 Weight:  185 Stars:  3,
School:  Rice Year:  2012 Name:  Alex Lyons Position:  OLB City:  DeSoto State:  TX Height:  72 Weight:  215 Stars:  3,School:  Notre Dame Year:  2012 Name:  Jarron Jones Position:  DT City:  Rochester State:  NY Height:  79 Weight:  308 Stars:  4,
School:  Arkansas State Year:  2012 Name:  Marquis Walker Position:  CB City:  Rison State:  AR Height:  72 Weight:  180 Stars:  3,School:  Notre Dame Year:  2012 Name:  Sheldon Day Position:  DT City:  Indianapolis State:  IN Height:  74 Weight:  286 Stars:  4,
School:  Wyoming Year:  2012 Name:  Sam Awrabi Position:  OLB City:  Clovis State:  CA Height:  74 Weight:  225 Stars:  3,School:  Notre Dame Year:  2012 Name:  Romeo Okwara Position:  DE City:  Charlotte State:  NC Height:  77 Weight:  240 Stars:  3,
School:  Kentucky Year:  2012 Name:  Patrick Graffree Position:  DT City:  Cecilia State:  KY Height:  76 Weight:  277 Stars:  3,School:  Notre Dame Year:  2012 Name:  John Turner Position:  DB City:  Indianapolis State:  IN Height:  74 Weight:  205 Stars:  3,
School:  Northwestern Year:  2012 Name:  Andrew Scanlan Position:  WR City:  Royersford State:  PA Height:  74 Weight:  190 Stars:  3,School:  Notre Dame Year:  2012 Name:  CJ Prosise Position:  DB City:  Woodberry Forest State:  VA Height:  73 Weight:  202 Stars:  3,
School:  West Virginia Year:  2012 Name:  Garrett Hope Position:  OLB City:  The Woodlands State:  TX Height:  75 Weight:  239 Stars:  3,School:  Notre Dame Year:  2012 Name:  Mark Harrell Position:  OL City:  Charlotte State:  NC Height:  77 Weight:  270 Stars:  3,
School:  Syracuse Year:  2012 Name:  James Washington Position:  OLB City:  Winter Park State:  FL Height:  75 Weight:  223 Stars:  3,School:  Notre Dame Year:  2012 Name:  Justin Ferguson Position:  WR City:  Pembroke Pines State:  FL Height:  73 Weight:  210 Stars:  3,
School:  None Year:  2012 Name:  Marrick Charles Position:  DT City:  Destrehan State:  LA Height:  74 Weight:  315 Stars:  3,School:  Notre Dame Year:  2012 Name:  Scott Daly Position:  OL City:  Downers Grove State:  IL Height:  76 Weight:  230 Stars:  2,
School:  Arkansas Year:  2012 Name:  Vin Ascolese Position:  ILB City:  North Bergen State:  NJ Height:  74 Weight:  220 Stars:  3,School:  Notre Dame Year:  2012 Name:  Nicky Baratti Position:  ATH City:  Spring State:  TX Height:  74 Weight:  215 Stars:  3,
School:  Dartmouth Year:  2012 Name:  Dalyn Williams Position:  DUAL City:  Lake Dallas State:  TX Height:  72 Weight:  200 Stars:  3,School:  Notre Dame Year:  2012 Name:  Tee Shepard Position:  DB City:  Fresno State:  CA Height:  73 Weight:  180 Stars:  4,
School:  Texas State Year:  2012 Name:  Fred Nixon Position:  PRO City:  Willis State:  TX Height:  75 Weight:  185 Stars:  3,School:  Ohio State Year:  2012 Name:  Kyle Dodson Position:  OL City:  Cleveland State:  OH Height:  78 Weight:  315 Stars:  4,
School:  Rice Year:  2012 Name:  Brandon Hamilton Position:  RB City:  Copperas Cove State:  TX Height:  72 Weight:  213 Stars:  3,School:  Ohio State Year:  2012 Name:  Jamal Marcus Position:  LB City:  Durham State:  NC Height:  74 Weight:  230 Stars:  3,
School:  Northwestern Year:  2012 Name:  Connor Mahoney Position:  OG City:  Malvern State:  PA Height:  76 Weight:  270 Stars:  3,School:  Ohio State Year:  2012 Name:  Armani Reeves Position:  DB City:  West Roxbury State:  MA Height:  69 Weight:  185 Stars:  4,
School:  None Year:  2012 Name:  Sean Henigin Position:  OT City:  Bridgeton State:  NJ Height:  79 Weight:  335 Stars:  3,School:  Ohio State Year:  2012 Name:  Camren Williams Position:  LB City:  West Roxbury State:  MA Height:  74 Weight:  215 Stars:  4,
School:  Maryland Year:  2012 Name:  Malcolm Culmer Position:  WR City:  Willingboro State:  NJ Height:  71 Weight:  175 Stars:  3,School:  Ohio State Year:  2012 Name:  David Perkins Position:  ATH City:  South Bend State:  IN Height:  74 Weight:  225 Stars:  4,
School:  Colorado Year:  2012 Name:  De'Jon Wilson Position:  SDE City:  Washington State:  DC Height:  75 Weight:  230 Stars:  3,School:  Ohio State Year:  2012 Name:  Joey OConnor Position:  OL City:  Windsor State:  CO Height:  76 Weight:  295 Stars:  4,
School:  Northwestern Year:  2012 Name:  Jack Schwaba Position:  TE City:  Pittsburgh State:  PA Height:  77 Weight:  240 Stars:  3,School:  Ohio State Year:  2012 Name:  Taylor Decker Position:  OL City:  Vandalia State:  OH Height:  80 Weight:  313 Stars:  4,
School:  Washington State Year:  2012 Name:  David Bucannon Position:  S City:  Fairfield State:  CA Height:  74 Weight:  175 Stars:  3,School:  Ohio State Year:  2012 Name:  Noah Spence Position:  DE City:  Harrisburg State:  PA Height:  76 Weight:  245 Stars:  5,
School:  Virginia Tech Year:  2012 Name:  Donovan Riley Position:  S City:  Baltimore State:  MD Height:  71 Weight:  185 Stars:  3,School:  Ohio State Year:  2012 Name:  Sevon Pittman Position:  DE City:  Canton State:  OH Height:  77 Weight:  245 Stars:  4,
School:  Louisiana Tech Year:  2012 Name:  Kentrell Brice Position:  CB City:  Ruston State:  LA Height:  71 Weight:  173 Stars:  3,School:  Ohio State Year:  2012 Name:  Tommy Schutt Position:  DT City:  Glen Ellyn State:  IL Height:  74 Weight:  301 Stars:  4,
School:  None Year:  2012 Name:  Desmond Wyatt Position:  WR City:  Austin State:  TX Height:  71 Weight:  170 Stars:  3,School:  Ohio State Year:  2012 Name:  Ricquan Southward Position:  WR City:  Lakeland State:  FL Height:  74 Weight:  190 Stars:  3,
School:  Boise State Year:  2012 Name:  Darien Barrett Position:  WDE City:  Inglewood State:  CA Height:  76 Weight:  225 Stars:  3,School:  Ohio State Year:  2012 Name:  Adolphus Washington Position:  DE City:  Cincinnati State:  OH Height:  76 Weight:  230 Stars:  5,
School:  Colorado Year:  2012 Name:  John Stuart Position:  WDE City:  Thousand Oaks State:  CA Height:  76 Weight:  235 Stars:  3,School:  Ohio State Year:  2012 Name:  Michael Thomas Position:  WR City:  Fork Union State:  VA Height:  76 Weight:  203 Stars:  4,
School:  Houston Year:  2012 Name:  Jacob Abels Position:  OT City:  Sugar Land State:  TX Height:  77 Weight:  293 Stars:  3,School:  Ohio State Year:  2012 Name:  Cardale Jones Position:  QB City:  Fork Union State:  VA Height:  77 Weight:  217 Stars:  3,
School:  San Diego State Year:  2012 Name:  Malcolm Jackson Position:  SDE City:  Spring Valley State:  CA Height:  75 Weight:  255 Stars:  3,School:  Ohio State Year:  2012 Name:  Pat Elflein Position:  OL City:  Pickerington State:  OH Height:  75 Weight:  285 Stars:  3,
School:  None Year:  2012 Name:  Kalief Joyner Position:  TE City:  Middle Village State:  NY Height:  75 Weight:  235 Stars:  3,School:  Ohio State Year:  2012 Name:  Luke Roberts Position:  LB City:  Lancaster State:  OH Height:  74 Weight:  230 Stars:  3,
School:  None Year:  2012 Name:  Jerickson Frederick Position:  RB City:  Salem State:  NH Height:  71 Weight:  195 Stars:  3,School:  Ohio State Year:  2012 Name:  Devan Bogard Position:  DB City:  Cleveland State:  OH Height:  71 Weight:  172 Stars:  4,
School:  None Year:  2012 Name:  Tre'mund Moore Position:  WR City:  Brenham State:  TX Height:  72 Weight:  165 Stars:  3,School:  Ohio State Year:  2012 Name:  Najee Murray Position:  DB City:  Steubenville State:  OH Height:  71 Weight:  172 Stars:  4,
School:  UT San Antonio Year:  2012 Name:  Trey Mohair Position:  ATH City:  Denton State:  TX Height:  70 Weight:  175 Stars:  3,School:  Ohio State Year:  2012 Name:  Tyvis Powell Position:  DB City:  Bedford State:  OH Height:  76 Weight:  185 Stars:  3,
School:  Liberty Year:  2012 Name:  Darrin Peterson Position:  WR City:  Attalla State:  AL Height:  75 Weight:  195 Stars:  3,School:  Ohio State Year:  2012 Name:  Blake Thomas Position:  TE City:  Westlake State:  OH Height:  76 Weight:  240 Stars:  3,
School:  Washington Year:  2012 Name:  Erich Wilson Position:  ATH City:  San Mateo State:  CA Height:  72 Weight:  183 Stars:  3,School:  Ohio State Year:  2012 Name:  Brionte Dunn Position:  RB City:  Canton State:  OH Height:  74 Weight:  215 Stars:  4,
School:  Troy Year:  2012 Name:  Brandon Brooks Position:  WR City:  Jacksonville State:  FL Height:  70 Weight:  175 Stars:  3,School:  Ohio State Year:  2012 Name:  Frank Epitropoulos Position:  WR City:  Upper Arlington State:  OH Height:  75 Weight:  195 Stars:  3,
School:  Wake Forest Year:  2012 Name:  Josh Banks Position:  SDE City:  Apex State:  NC Height:  76 Weight:  240 Stars:  3,School:  Ohio State Year:  2012 Name:  Jacoby Boren Position:  OL City:  Pickerington State:  OH Height:  75 Weight:  273 Stars:  3,
School:  Georgia Southern Year:  2012 Name:  Tre Griffin Position:  WDE City:  Kennesaw State:  GA Height:  74 Weight:  230 Stars:  3,School:  Ohio State Year:  2012 Name:  Warren Ball Position:  RB City:  Columbus State:  OH Height:  74 Weight:  200 Stars:  4,
School:  Pittsburgh Year:  2012 Name:  Jahmahl Pardner Position:  CB City:  Rochester State:  NY Height:  72 Weight:  175 Stars:  3,School:  Ohio State Year:  2012 Name:  Josh Perry Position:  LB City:  Galena State:  OH Height:  76 Weight:  228 Stars:  4,
School:  Wake Forest Year:  2012 Name:  Tyler Hayworth Position:  OG City:  Kingsport State:  TN Height:  76 Weight:  300 Stars:  3,School:  Oklahoma Year:  2012 Name:  Lacoltan Bester Position:  WR City:  Scooba State:  MS Height:  75 Weight:  205 Stars:  3,
School:  Western Michigan Year:  2012 Name:  Mikhail Dubose Position:  WDE City:  Chicago State:  IL Height:  75 Weight:  230 Stars:  3,School:  Oklahoma Year:  2012 Name:  Courtney Gardner Position:  WR City:  Roseville State:  CA Height:  75 Weight:  215 Stars:  4,
School:  Kansas Year:  2012 Name:  Greg Allen Position:  S City:  Houston State:  TX Height:  71 Weight:  190 Stars:  3,School:  Oklahoma Year:  2012 Name:  Damien Williams Position:  RB City:  Yuma State:  AZ Height:  73 Weight:  215 Stars:  3,
School:  Virginia Tech Year:  2012 Name:  Alston Smith Position:  DT City:  Virginia Beach State:  VA Height:  73 Weight:  274 Stars:  3,School:  Oklahoma Year:  2012 Name:  Michael Onuoha Position:  DE City:  Edmond State:  OK Height:  77 Weight:  225 Stars:  3,
School:  Connecticut Year:  2012 Name:  Obi Melifonwu Position:  S City:  Grafton State:  MA Height:  76 Weight:  195 Stars:  3,School:  Oklahoma Year:  2012 Name:  Gary Simon Position:  DB City:  St. Petersburg State:  FL Height:  73 Weight:  177 Stars:  3,
School:  Cincinnati Year:  2012 Name:  E.J. Junior Position:  FB City:  Middletown State:  OH Height:  72 Weight:  210 Stars:  3,School:  Oklahoma Year:  2012 Name:  Zack Sanchez Position:  ATH City:  Keller State:  TX Height:  72 Weight:  172 Stars:  3,
School:  Georgia Tech Year:  2012 Name:  Anthony Autry Position:  S City:  Norcross State:  GA Height:  74 Weight:  180 Stars:  3,School:  Oklahoma Year:  2012 Name:  Sam Grant Position:  TE City:  North Royalton State:  OH Height:  78 Weight:  240 Stars:  3,
School:  Maryland Year:  2012 Name:  Brock Dean Position:  OLB City:  Harrisburg State:  PA Height:  73 Weight:  210 Stars:  3,School:  Oklahoma Year:  2012 Name:  David Smith Position:  RB City:  Midlothian State:  IL Height:  73 Weight:  190 Stars:  3,
School:  South Alabama Year:  2012 Name:  Steve McKenzie Position:  OG City:  Stone Mountain State:  GA Height:  75 Weight:  280 Stars:  3,School:  Oklahoma Year:  2012 Name:  Taylor McNamara Position:  TE City:  San Diego State:  CA Height:  77 Weight:  235 Stars:  4,
School:  Duke Year:  2012 Name:  Dwayne Norman Position:  ATH City:  Jacksonville State:  FL Height:  72 Weight:  182 Stars:  3,School:  Oklahoma Year:  2012 Name:  Kasseim Everett Position:  DB City:  Woodland Hills State:  CA Height:  71 Weight:  185 Stars:  3,
School:  Connecticut Year:  2012 Name:  Jordan Floyd Position:  WR City:  Towson State:  MD Height:  73 Weight:  210 Stars:  3,School:  Oklahoma Year:  2012 Name:  Brannon Green Position:  TE City:  Fort Scott State:  KS Height:  76 Weight:  260 Stars:  3,
School:  Temple Year:  2012 Name:  Bret Niederreither Position:  OG City:  Lewisberry State:  PA Height:  75 Weight:  255 Stars:  3,School:  Oklahoma Year:  2012 Name:  Derrick Woods Position:  WR City:  Inglewood State:  CA Height:  73 Weight:  180 Stars:  4,
School:  Wake Forest Year:  2012 Name:  Tylor Harris Position:  SDE City:  Baton Rouge State:  LA Height:  75 Weight:  245 Stars:  3,School:  Oklahoma Year:  2012 Name:  Chaz Nelson Position:  DE City:  Garden City State:  KS Height:  75 Weight:  240 Stars:  3,
School:  Virginia Year:  2012 Name:  Kyle Dockins Position:  ATH City:  Virginia Beach State:  VA Height:  76 Weight:  200 Stars:  3,School:  Oklahoma Year:  2012 Name:  Trey Metoyer Position:  WR City:  Chatham State:  VA Height:  74 Weight:  198 Stars:  5,
School:  Duke Year:  2012 Name:  Michael Westray Position:  S City:  Waldorf State:  MD Height:  73 Weight:  190 Stars:  3,School:  Oklahoma Year:  2012 Name:  Charles Tapper Position:  DE City:  Baltimore State:  MD Height:  76 Weight:  255 Stars:  3,
School:  Central Michigan Year:  2012 Name:  Nathan Ricketts Position:  ILB City:  Holland State:  MI Height:  74 Weight:  215 Stars:  3,School:  Oklahoma Year:  2012 Name:  Trevor Knight Position:  QB City:  San Antonio State:  TX Height:  75 Weight:  195 Stars:  4,
School:  None Year:  2012 Name:  A.J. Doyle Position:  PRO City:  Lakeville State:  MA Height:  75 Weight:  225 Stars:  3,School:  Oklahoma Year:  2012 Name:  John Michael McGee Position:  OL City:  Texarkana State:  TX Height:  76 Weight:  260 Stars:  4,
School:  Washington Year:  2012 Name:  Cory Fuavai Position:  OG City:  Auburn State:  WA Height:  76 Weight:  280 Stars:  3,School:  Oklahoma Year:  2012 Name:  Ty Darlington Position:  OL City:  Apopka State:  FL Height:  75 Weight:  275 Stars:  4,
School:  Arizona Year:  2012 Name:  Jarrell Bennett Position:  WR City:  New Orleans State:  LA Height:  70 Weight:  155 Stars:  3,School:  Oklahoma Year:  2012 Name:  Durron Neal Position:  WR City:  St. Louis State:  MO Height:  73 Weight:  195 Stars:  4,
School:  Nebraska Year:  2012 Name:  Sam Cotton Position:  TE City:  Lincoln State:  NE Height:  76 Weight:  240 Stars:  3,School:  Oklahoma Year:  2012 Name:  Eric Striker Position:  LB City:  Seffner State:  FL Height:  73 Weight:  195 Stars:  4,
School:  Virginia Tech Year:  2012 Name:  Seth Dooley Position:  WDE City:  Salem State:  VA Height:  77 Weight:  230 Stars:  3,School:  Oklahoma Year:  2012 Name:  Laith Harlow Position:  TE City:  Tallahassee State:  FL Height:  77 Weight:  240 Stars:  3,
School:  Western Kentucky Year:  2012 Name:  Austin Aikens Position:  WR City:  Tampa State:  FL Height:  71 Weight:  180 Stars:  3,School:  Oklahoma Year:  2012 Name:  Daniel Brooks Position:  ATH City:  Port Lavaca State:  TX Height:  70 Weight:  170 Stars:  3,
School:  South Florida Year:  2012 Name:  Tashon Whitehurst Position:  OLB City:  Gainesville State:  FL Height:  74 Weight:  185 Stars:  3,School:  Oklahoma Year:  2012 Name:  Sterling Shepard Position:  WR City:  Oklahoma City State:  OK Height:  70 Weight:  175 Stars:  4,
School:  Washington State Year:  2012 Name:  Austin Apodaca Position:  DUAL City:  Longmont State:  CO Height:  73 Weight:  175 Stars:  3,School:  Oklahoma Year:  2012 Name:  Alex Ross Position:  RB City:  Jenks State:  OK Height:  73 Weight:  205 Stars:  4,
School:  Florida International Year:  2012 Name:  Byran Attaway Position:  TE City:  Kingsland State:  GA Height:  77 Weight:  257 Stars:  3,School:  Oklahoma Year:  2012 Name:  Kyle Marrs Position:  OL City:  San Antonio State:  TX Height:  78 Weight:  302 Stars:  3,
School:  UCF Year:  2012 Name:  Dareen Owi Position:  WR City:  Miami State:  FL Height:  75 Weight:  199 Stars:  3,School:  Oklahoma State Year:  2012 Name:  Austin Hays Position:  WR City:  San Antonio State:  TX Height:  75 Weight:  185 Stars:  2,
School:  None Year:  2012 Name:  Darren McGinnis Position:  S City:  Akron State:  OH Height:  72 Weight:  210 Stars:  3,School:  Oklahoma State Year:  2012 Name:  Seth Jacobs Position:  LB City:  Arroyo Grande State:  CA Height:  74 Weight:  215 Stars:  4,
School:  None Year:  2012 Name:  Dominique Stallworth Position:  OT City:  Brunswick State:  GA Height:  75 Weight:  270 Stars:  3,School:  Oklahoma State Year:  2012 Name:  Jesse Vester Position:  WR City:  Stillwater State:  OK Height:  70 Weight:  180 Stars:  2,
School:  Cincinnati Year:  2012 Name:  Zach Edwards Position:  WR City:  Middletown State:  OH Height:  73 Weight:  180 Stars:  3,School:  Oklahoma State Year:  2012 Name:  Caleb Muncrief Position:  ATH City:  Madill State:  OK Height:  68 Weight:  188 Stars:  2,
School:  Houston Year:  2012 Name:  Davonte Thomas Position:  S City:  Houston State:  TX Height:  73 Weight:  200 Stars:  3,School:  Oklahoma State Year:  2012 Name:  Chris Grisbhy Position:  OL City:  Brenham State:  TX Height:  77 Weight:  315 Stars:  3,
School:  Mississippi State Year:  2012 Name:  Artimas Samuel Position:  WR City:  Columbus State:  GA Height:  74 Weight:  250 Stars:  3,School:  Oklahoma State Year:  2012 Name:  Jhajuan Seales Position:  WR City:  Port Arthur State:  TX Height:  73 Weight:  185 Stars:  2,
School:  Texas Year:  2012 Name:  Nick Jordan Position:  K City:  Coppell State:  TX Height:  73 Weight:  170 Stars:  3,School:  Oklahoma State Year:  2012 Name:  Kevin Peterson Position:  DB City:  Wagoner State:  OK Height:  71 Weight:  170 Stars:  3,
School:  San Jos√© State Year:  2012 Name:  Jalynn McCain Position:  RB City:  Richmond State:  TX Height:  70 Weight:  215 Stars:  3,School:  Oklahoma State Year:  2012 Name:  Michael Wilson Position:  OL City:  Aledo State:  TX Height:  78 Weight:  265 Stars:  3,
School:  Louisiana Tech Year:  2012 Name:  Stephen Gibson Position:  WDE City:  Marrero State:  LA Height:  76 Weight:  240 Stars:  3,School:  Oklahoma State Year:  2012 Name:  Trace Clark Position:  DE City:  Wichita State:  KS Height:  77 Weight:  240 Stars:  3,
School:  Nevada Year:  2012 Name:  Travis Gardner Position:  WR City:  Chula Vista State:  CA Height:  73 Weight:  185 Stars:  3,School:  Oklahoma State Year:  2012 Name:  Brandon Sheperd Position:  WR City:  Chesterfield State:  MO Height:  75 Weight:  190 Stars:  3,
School:  Virginia Tech Year:  2012 Name:  Adam Taraschke Position:  OT City:  Fredericksburg State:  VA Height:  78 Weight:  265 Stars:  3,School:  Oklahoma State Year:  2012 Name:  Blake Jackson Position:  TE City:  Scottsdale State:  AZ Height:  76 Weight:  235 Stars:  3,
School:  None Year:  2012 Name:  Nigel Jones Position:  RB City:  Absecon State:  NJ Height:  71 Weight:  190 Stars:  3,School:  Oklahoma State Year:  2012 Name:  Calvin Barnett Position:  DT City:  Corsicana State:  TX Height:  75 Weight:  283 Stars:  3,
School:  Cincinnati Year:  2012 Name:  EyShawn McClain Position:  ILB City:  Jacksonville State:  FL Height:  74 Weight:  220 Stars:  3,School:  Oklahoma State Year:  2012 Name:  Zac Veatch Position:  TE City:  Broken Arrow State:  OK Height:  76 Weight:  245 Stars:  3,
School:  UTEP Year:  2012 Name:  Dashone Smith Position:  S City:  Spring State:  TX Height:  71 Weight:  180 Stars:  3,School:  Oklahoma State Year:  2012 Name:  Blake Webb Position:  WR City:  The Woodlands State:  TX Height:  72 Weight:  183 Stars:  3,
School:  SMU Year:  2012 Name:  A.J. Justice Position:  S City:  Houston State:  TX Height:  72 Weight:  195 Stars:  3,School:  Oklahoma State Year:  2012 Name:  Eric Davis Position:  DE City:  Tyler State:  TX Height:  75 Weight:  240 Stars:  3,
School:  None Year:  2012 Name:  Troy Green Position:  ATH City:  Brenham State:  TX Height:  74 Weight:  195 Stars:  3,School:  Oklahoma State Year:  2012 Name:  Emmanuel Ogbah Position:  DE City:  Richmond State:  TX Height:  76 Weight:  235 Stars:  3,
School:  None Year:  2012 Name:  Deonte Wortham Position:  OLB City:  Dallas State:  TX Height:  72 Weight:  220 Stars:  3,School:  Oklahoma State Year:  2012 Name:  C.J. Curry Position:  WR City:  Flowery Branch State:  GA Height:  74 Weight:  210 Stars:  4,
School:  Eastern Michigan Year:  2012 Name:  Quincy Jones Position:  WR City:  Lakewood State:  OH Height:  75 Weight:  215 Stars:  3,School:  Oklahoma State Year:  2012 Name:  Paul Lewis Position:  OL City:  Galena Park State:  TX Height:  75 Weight:  265 Stars:  3,
School:  Toledo Year:  2012 Name:  Treyvon Hester Position:  DT City:  Pittsburgh State:  PA Height:  76 Weight:  280 Stars:  3,School:  Oklahoma State Year:  2012 Name:  Victor Irokansi Position:  DE City:  Pflugerville State:  TX Height:  76 Weight:  230 Stars:  3,
School:  Troy Year:  2012 Name:  Shaquille Beverly Position:  CB City:  Jacksonville State:  FL Height:  70 Weight:  165 Stars:  3,School:  Oklahoma State Year:  2012 Name:  Wes Lunt Position:  QB City:  Rochester State:  IL Height:  77 Weight:  210 Stars:  4,
School:  San Diego State Year:  2012 Name:  Teddy Queen Position:  SDE City:  Temecula State:  CA Height:  73 Weight:  230 Stars:  3,School:  Oklahoma State Year:  2012 Name:  Greg Brantley Position:  OL City:  Carthage State:  TX Height:  79 Weight:  305 Stars:  3,
School:  Purdue Year:  2012 Name:  Joey Warburg Position:  OG City:  Louisville State:  KY Height:  78 Weight:  260 Stars:  3,School:  Oklahoma State Year:  2012 Name:  Dominic Ramacher Position:  ATH City:  Denton State:  TX Height:  75 Weight:  230 Stars:  3,
School:  Texas Year:  2012 Name:  Kevin Vaccaro Position:  CB City:  Brownwood State:  TX Height:  69 Weight:  170 Stars:  3,School:  Oklahoma State Year:  2012 Name:  Ashton Lampkin Position:  DB City:  Fort Worth State:  TX Height:  73 Weight:  185 Stars:  3,